{
	"machine_gun": {
		"sounds": [
			"machine_gun"
		],
		"category": "player"
	},
	
	"laser_shoot": {
		"sounds": [
			"laser_shoot"
		],
		"category": "player"
	},
	"laser_charge": {
		"sounds": [
			"laser_charge"
		],
		"category": "player"
	},
	
	"unibeam_shoot": {
		"sounds": [
			"unibeam_shoot"
		],
		"category": "player"
	},
	"unibeam_enable": {
		"sounds": [
			"unibeam_charge"
		],
		"category": "player"
	},
	"suit_open_close": {
		"sounds": [
			"suit_open_close"
		],
		"category": "player"
	},
	"suit_close": {
		"sounds": [
			"suit_close"
		],
		"category": "player"
	},
	"mark_40_repulsor_shoot": {
		"sounds": [
			"mark_40_repulsor_shoot"
		],
		"category": "player"
	},
	"mark_42_repulsor_shoot": {
		"sounds": [
			"mark_42_repulsor_shoot"
		],
		"category": "player"
	}
}